name,position,goals,assists,plus_minus,powerplay_points,shots_on_goal,hits,blocks,wins,goals_against_average,saves,save_percentage,shutouts,score,custom_rank,rank,rank_arbitrage
Braden Holtby,G,0,0,0,0,0,0,0,0.841342033,0.923830146,0.930527738,0.706740881,0.72933351,0.025747462,1,34,-33
Marc-Andre Fleury,G,0,0,0,0,0,0,0,0.702568237,0.898634778,0.909308817,0.731981627,0.845790011,0.023935343,2,40,-38
Andrei Vasilevskiy,G,0,0,0,0,0,0,0,0.8407897,0.663478014,0.941901338,0.656259389,0.821117024,0.01707126,3,18,-15
Pekka Rinne,G,0,0,0,0,0,0,0,0.6937309,0.91543169,0.934597782,0.706740881,0.641497675,0.015756821,4,28,-24
John Gibson,G,0,0,0,0,0,0,0,0.577602778,0.890236323,0.959468481,0.782463118,0.672092179,0.015334486,5,42,-37
Alex Ovechkin,LW,0.8,0.342007963,0.769765791,0.776226178,0.91240932,0.792838547,0.077379623,0,0,0,0,0,0.012842552,6,3,3
Tuukka Rask,G,0,0,0,0,0,0,0,0.723694994,0.839845587,0.929321204,0.580537152,0.702686684,0.0109271,7,32,-25
Erik Karlsson,D,0.182724038,0.712560063,0.766231696,0.615627659,0.468534515,0.271345813,0.862230085,0,0,0,0,0,0.009323918,8,23,-15
Nikita Kucherov,RW,0.636773428,0.630654038,0.739425923,0.936824698,0.650399887,0.144152463,0.044216927,0,0,0,0,0,0.008473709,9,2,7
Brent Burns,D,0.233279413,0.548971596,0.494573187,0.749459758,0.699719309,0.317983375,0.701943723,0,0,0,0,0,0.008212889,10,19,-9
Jonathan Quick,G,0,0,0,0,0,0,0,0.603700537,0.873439411,0.937268245,0.605777898,0.682948294,0.007887465,11,33,-22
Blake Wheeler,RW,0.358977677,0.771064367,0.68541429,0.695926919,0.536348722,0.373100493,0.243193101,0,0,0,0,0,0.00748686,12,8,4
John Carlson,D,0.189194435,0.539879207,0.767231911,0.669160499,0.437709876,0.216228695,0.757214882,0,0,0,0,0,0.006801965,13,51,-38
Connor Hellebuyck,G,0,0,0,0,0,0,0,0.828500279,0.655079558,0.913161684,0.555296406,0.708608201,0.006117121,14,21,-7
Martin Jones,G,0,0,0,0,0,0,0,0.670670976,0.839845587,0.952719931,0.555296406,0.633602319,0.0057625,15,44,-29
Dustin Byfuglien,D,0.176598727,0.412883877,0.698150366,0.455029139,0.459287124,0.729241872,0.514021781,0,0,0,0,0,0.00570691,16,26,-10
Victor Hedman,D,0.182896581,0.468332542,0.78010135,0.562094819,0.36989567,0.360381158,0.574820057,0,0,0,0,0,0.004484487,17,24,-7
Kris Letang,D,0.098436321,0.495684236,0.694216186,0.615627659,0.360648278,0.462135838,0.541657361,0,0,0,0,0,0.004233518,18,,
Sidney Crosby,C,0.541701715,0.718745869,0.756562947,0.856525438,0.508606546,0.20350936,0.088433855,0,0,0,0,0,0.004143375,19,4,15
Roman Josi,D,0.163312844,0.416759322,0.721155321,0.562094819,0.406885237,0.241667365,0.712997955,0,0,0,0,0,0.003870743,20,48,-28
David Pastrnak,RW,0.553866063,0.48450507,0.648673043,0.669160499,0.530183794,0.237427586,0.082906739,0,0,0,0,0,0.003676004,21,13,8
P.K. Subban,D,0.17539092,0.451936432,0.692815884,0.615627659,0.289751608,0.411258498,0.519548897,0,0,0,0,0,0.003299552,22,39,-17
Steven Stamkos,C,0.524792408,0.56492054,0.752362042,0.829759018,0.465452052,0.326462931,0.105015203,0,0,0,0,0,0.003265695,23,6,17
Jonathan Marchessault,LW,0.478981991,0.488976736,0.830645569,0.508561979,0.567173361,0.398539163,0.044216927,0,0,0,0,0,0.003229788,24,56,-32
Brad Marchand,LW,0.598037313,0.639895482,0.693549375,0.562094819,0.487029299,0.186550246,0.105015203,0,0,0,0,0,0.002855422,25,9,16
Patric Hornqvist,RW,0.458535533,0.160756412,0.741426354,0.455029139,0.468534515,0.602048523,0.210030405,0,0,0,0,0,0.002756321,26,59,-33
Phil Kessel,RW,0.448096625,0.573640289,0.710019589,0.802992598,0.536348722,0.008479557,0.005527116,0,0,0,0,0,0.002662518,27,25,2
John Tavares,C,0.588978756,0.516775597,0.808374106,0.722693338,0.625740175,0.144152463,0.077379623,0,0,0,0,0,0.002560111,28,15,13
Seth Jones,D,0.207829181,0.406996183,0.546984475,0.455029139,0.487029299,0.317983375,0.630091216,0,0,0,0,0,0.00242966,29,52,-23
Max Pacioretty,LW,0.46190014,0.27642352,0.914463622,0.428262719,0.61341032,0.394299384,0.116069435,0,0,0,0,0,0.002294233,30,88,-58
Jamie Benn,C,0.537646932,0.481747542,0.481703748,0.695926919,0.502441619,0.513013178,0.226611753,0,0,0,0,0,0.002185091,31,16,15
Evgeni Malkin,C,0.634185269,0.586086428,0.760563809,0.856525438,0.379143062,0.135672906,0.071852507,0,0,0,0,0,0.002059572,32,5,27
Patrik Laine,LW,0.664553003,0.234687966,0.68541429,0.642394079,0.480864371,0.313743596,0.143705014,0,0,0,0,0,0.001965343,33,14,19
Filip Forsberg,LW,0.482864229,0.431590349,0.719621657,0.508561979,0.477781907,0.411258498,0.127123666,0,0,0,0,0,0.001910676,34,55,-21
Connor McDavid,C,0.612272188,0.817942338,0.509176332,0.669160499,0.570255825,0.089035345,0.105015203,0,0,0,0,0,0.001633141,35,1,34
Patrice Bergeron,C,0.565426507,0.422647016,0.694682953,0.642394079,0.616492784,0.220468473,0.193449058,0,0,0,0,0,0.001489001,36,53,-17
Ivan Provorov,D,0.196613825,0.198318411,0.505908962,0.21413136,0.446957268,0.517252956,0.851175853,0,0,0,0,0,0.001416458,37,109,-72
Shayne Gostisbehere,D,0.159344333,0.481598486,0.472768491,0.802992598,0.406885237,0.15263202,0.44769639,0,0,0,0,0,0.001362782,38,43,-5
Torey Krug,D,0.151579855,0.483312625,0.648072914,0.642394079,0.360648278,0.250146921,0.386898115,0,0,0,0,0,0.001355576,39,66,-27
Tyler Seguin,C,0.609252669,0.42719321,0.458432069,0.749459758,0.727461485,0.258626478,0.093960971,0,0,0,0,0,0.001229216,40,10,30
Drew Doughty,D,0.116380891,0.411393322,0.390950869,0.535328399,0.379143062,0.504533621,0.552711593,0,0,0,0,0,0.001083817,41,38,3
Brayden Schenn,LW,0.414795643,0.360341795,0.44162845,0.615627659,0.36989567,0.720762316,0.127123666,0,0,0,0,0,0.001005451,42,80,-38
Vladimir Tarasenko,RW,0.575002696,0.309364797,0.466033707,0.562094819,0.662729742,0.207749138,0.099488087,0,0,0,0,0,0.000973839,43,22,21
Jakub Voracek,RW,0.272791977,0.617313566,0.487304955,0.802992598,0.480864371,0.118713793,0.093960971,0,0,0,0,0,0.000902832,44,27,17
Antti Raanta,G,0,0,0,0,0,0,0,0.420463892,0.713868749,0.988143787,0.706740881,0.705647442,0.00087623,45,103,-58
Vincent Trocheck,C,0.449735792,0.402971683,0.471301508,0.615627659,0.548678577,0.593568966,0.198976173,0,0,0,0,0,0.000866497,46,73,-27
Rasmus Ristolainen,D,0.037269492,0.328220324,0.133362057,0.615627659,0.326741175,0.729241872,0.674308143,0,0,0,0,0,0.000703225,47,101,-54
Taylor Hall,LW,0.526517848,0.593613733,0.386549921,0.562094819,0.554843505,0.250146921,0.138177898,0,0,0,0,0,0.000686863,48,12,36
Patrick Kane,RW,0.462849132,0.560374345,0.407354402,0.695926919,0.616492784,0.084795567,0.016581348,0,0,0,0,0,0.000656435,49,11,38
Mark Giordano,D,0.176598727,0.192505245,0.430292676,0.401496299,0.409967701,0.301024261,0.917501244,0,0,0,0,0,0.00057502,50,90,-40
J.T. Miller,LW,0.374075272,0.35348524,0.906461899,0.321197039,0.342153495,0.529972291,0.160286362,0,0,0,0,0,0.000484254,51,182,-131
Wayne Simmonds,RW,0.371487113,0.145031051,0.406154143,0.776226178,0.360648278,0.606288301,0.154759246,0,0,0,0,0,0.000458267,52,83,-31
Auston Matthews,C,0.652474927,0.322034519,0.71848808,0.508561979,0.625740175,0.055117118,0.29846426,0,0,0,0,0,3.33E-05,53,17,36
Joe Pavelski,C,0.366914699,0.379346378,0.542316803,0.588861239,0.468534515,0.491814286,0.309518492,0,0,0,0,0,-0.000246453,54,50,4
Nicklas Backstrom,C,0.29479133,0.65502462,0.749361396,0.856525438,0.252762041,0.161111576,0.17686771,0,0,0,0,0,-0.000253639,55,75,-20
Nathan MacKinnon,C,0.566289227,0.5819874,0.327003763,0.722693338,0.653482351,0.165351355,0.116069435,0,0,0,0,0,-0.000366699,56,7,49
John Klingberg,D,0.114914267,0.601513677,0.448363234,0.535328399,0.360648278,0.173830911,0.47533197,0,0,0,0,0,-0.000420441,57,46,11
Evander Kane,LW,0.489334627,0.160458301,0.695883211,0.240897779,0.594915536,0.585089409,0.082906739,0,0,0,0,0,-0.000666963,58,63,-5
Jake Muzzin,D,0.071519465,0.264797187,0.315601307,0.347963459,0.345235959,0.712282759,0.619036984,0,0,0,0,0,-0.000699555,59,152,-93
Claude Giroux,C,0.395039362,0.65837837,0.521445641,0.856525438,0.342153495,0.224708251,0.088433855,0,0,0,0,0,-0.000751636,60,20,40
Colin Miller,D,0.105596894,0.224030494,0.713687046,0.401496299,0.268174361,0.665645197,0.281882912,0,0,0,0,0,-0.000832254,61,177,-116
Frederik Andersen,G,0,0,0,0,0,0,0,0.770643343,0.587891911,0.980156528,0.580537152,0.573400229,-0.000883586,62,37,25
T.J. Oshie,RW,0.322829721,0.257791576,0.785169108,0.374729879,0.221937402,0.466375616,0.226611753,0,0,0,0,0,-0.000917977,63,147,-84
Artemi Panarin,LW,0.453445487,0.629387066,0.574923826,0.615627659,0.443874804,0.084795567,0.011054232,0,0,0,0,0,-0.000970104,64,49,15
Morgan Rielly,D,0.044430066,0.511782236,0.636203691,0.481795559,0.28358668,0.173830911,0.50296755,0,0,0,0,0,-0.001048225,65,98,-33
Ryan Suter,D,0.039771379,0.430472432,0.561454258,0.481795559,0.21269001,0.267106035,0.641145448,0,0,0,0,0,-0.001049572,66,113,-47
Ryan McDonagh,D,0.024846328,0.284174409,0.954738963,0.10706568,0.123298557,0.326462931,0.795904694,0,0,0,0,0,-0.001199101,67,193,-126
Kyle Palmieri,RW,0.418332794,0.188704328,0.347341476,0.615627659,0.416132629,0.457896059,0.17686771,0,0,0,0,0,-0.001205831,68,96,-28
Darnell Nurse,D,0.06953521,0.100239858,0.509176332,0.16059852,0.317493784,0.703803202,0.751687766,0,0,0,0,0,-0.001232075,69,145,-76
Rickard Rakell,RW,0.533074517,0.256673659,0.419890435,0.401496299,0.490111763,0.411258498,0.093960971,0,0,0,0,0,-0.001326135,70,65,5
Jeff Petry,D,0.115086811,0.216801299,0.265923941,0.401496299,0.292834072,0.640206527,0.663253912,0,0,0,0,0,-0.001373174,71,118,-47
Alexander Radulov,LW,0.385463173,0.49754743,0.428425607,0.588861239,0.366813206,0.284065148,0.204503289,0,0,0,0,0,-0.001448684,72,58,14
Sergei Bobrovsky,G,0,0,0,0,0,0,0,0.66266214,0.680274926,0.951674268,0.631018644,0.549714161,-0.001603795,73,30,43
Alex Pietrangelo,D,0.159085517,0.369508712,0.42862565,0.347963459,0.302081464,0.161111576,0.790377578,0,0,0,0,0,-0.001680248,74,82,-8
Matt Niskanen,D,0.038218484,0.203237244,0.795504667,0.18736494,0.191112763,0.576609853,0.558238709,0,0,0,0,0,-0.001750809,75,,
Jacob Trouba,D,0.051676911,0.182220412,0.693082608,0.1338321,0.308246392,0.474855173,0.701943723,0,0,0,0,0,-0.00178772,76,162,-86
Evgeny Kuznetsov,C,0.397282433,0.645783176,0.769965834,0.562094819,0.311328856,0.220468473,0.055271159,0,0,0,0,0,-0.00178905,77,41,36
Jake Guentzel,LW,0.414536827,0.269343381,0.739092518,0.294430619,0.274339289,0.542691626,0.160286362,0,0,0,0,0,-0.001956671,78,166,-88
Mikko Rantanen,RW,0.378302599,0.526166096,0.333738547,0.749459758,0.289751608,0.089035345,0.143705014,0,0,0,0,0,-0.002128695,79,60,19
Brent Seabrook,D,0.056163054,0.153750801,0.488571894,0.401496299,0.191112763,0.419738054,0.790377578,0,0,0,0,0,-0.002159777,80,,
Reilly Smith,RW,0.35604443,0.416908377,0.818843027,0.321197039,0.335988567,0.169591133,0.077379623,0,0,0,0,0,-0.002247084,81,116,-35
Ryan Getzlaf,C,0.185484741,0.761077645,0.455831509,0.562094819,0.138710876,0.440936946,0.348208304,0,0,0,0,0,-0.002371133,82,61,21
Oliver Ekman-Larsson,D,0.1880729,0.194964661,0.195042008,0.535328399,0.431544948,0.576609853,0.353735419,0,0,0,0,0,-0.002375713,83,105,-22
Alec Martinez,D,0.088515044,0.058951471,0.359210699,0.321197039,0.160288124,0.534212069,0.945136824,0,0,0,0,0,-0.002440604,84,204,-120
Anders Lee,LW,0.533160789,0.083918275,0.483970903,0.455029139,0.376060598,0.576609853,0.110542319,0,0,0,0,0,-0.002585244,85,178,-93
Colton Parayko,D,0.071088105,0.232675716,0.384949576,0.294430619,0.422297557,0.398539163,0.635618332,0,0,0,0,0,-0.002673205,86,146,-60
Alex Tuch,RW,0.250447536,0.179760995,0.713687046,0.347963459,0.394555381,0.390059606,0.165813478,0,0,0,0,0,-0.00269429,87,238,-151
Dustin Brown,RW,0.321449369,0.198989161,0.403820307,0.240897779,0.360648278,0.830996552,0.077379623,0,0,0,0,0,-0.002761844,88,115,-27
Ryan Ellis,D,0.160638413,0.358255018,0.742693293,0.267664199,0.221937402,0.173830911,0.50296755,0,0,0,0,0,-0.002769974,89,110,-21
Ondrej Palat,LW,0.251741615,0.295949797,0.756296223,0.347963459,0.206525082,0.491814286,0.243193101,0,0,0,0,0,-0.002800313,90,250,-160
Ryan Pulock,D,0.13208239,0.135566024,0.59726197,0.294430619,0.360648278,0.474855173,0.425587927,0,0,0,0,0,-0.002832928,91,154,-63
Zach Werenski,D,0.207225278,0.203013661,0.540516415,0.455029139,0.403802773,0.17807069,0.431115043,0,0,0,0,0,-0.002846756,92,,
Dion Phaneuf,D,0.043826162,0.126846274,0.482570602,0.347963459,0.172617979,0.602048523,0.641145448,0,0,0,0,0,-0.002861377,93,,
Charlie McAvoy,D,0.079542759,0.252723687,0.689281789,0.240897779,0.049319423,0.635966749,0.44769639,0,0,0,0,0,-0.003041293,94,106,-12
Aleksander Barkov,C,0.433948021,0.530339652,0.522712581,0.535328399,0.468534515,0.131433128,0.187921942,0,0,0,0,0,-0.003055521,95,47,48
Nikolaj Ehlers,LW,0.410050685,0.339026852,0.68541429,0.428262719,0.483946835,0.131433128,0.077379623,0,0,0,0,0,-0.003116725,96,85,11
Anze Kopitar,C,0.437140084,0.524228374,0.384949576,0.562094819,0.354483351,0.258626478,0.270828681,0,0,0,0,0,-0.003204412,97,35,62
Viktor Arvidsson,LW,0.46190014,0.257791576,0.720955278,0.294430619,0.533266258,0.080555788,0.193449058,0,0,0,0,0,-0.003226437,98,92,6
Milan Lucic,LW,0.200841152,0.205771189,0.429225779,0.481795559,0.240432186,0.932751232,0.049744043,0,0,0,0,0,-0.003241333,99,236,-137
Keith Yandle,D,0.069880298,0.469524987,0.518444995,0.508561979,0.298999,0.080555788,0.414533695,0,0,0,0,0,-0.003332358,100,91,9
Mark Scheifele,C,0.543513426,0.451638321,0.726223079,0.428262719,0.268174361,0.220468473,0.132650782,0,0,0,0,0,-0.003382913,101,45,56
William Nylander,RW,0.288579748,0.42383946,0.676879118,0.535328399,0.354483351,0.063596675,0.016581348,0,0,0,0,0,-0.003385952,102,94,8
Tyson Barrie,D,0.164865739,0.465575015,0.341873632,0.588861239,0.298999,0.122953572,0.370316767,0,0,0,0,0,-0.003391156,103,69,34
Mike Hoffman,LW,0.365016715,0.31629588,0.644472138,0.535328399,0.483946835,0.097514902,0.077379623,0,0,0,0,0,-0.003413055,104,121,-17
Mikhail Sergachev,D,0.092397282,0.234091743,0.747961094,0.401496299,0.225019866,0.35614138,0.281882912,0,0,0,0,0,-0.003511609,105,169,-64
Cam Atkinson,RW,0.435759733,0.210168327,0.533381545,0.401496299,0.508606546,0.122953572,0.127123666,0,0,0,0,0,-0.003550939,106,86,20
Zdeno Chara,D,0.06867249,0.076018331,0.70228459,0.10706568,0.21269001,0.538451848,0.6245641,0,0,0,0,0,-0.003588639,107,273,-166
Nick Foligno,LW,0.277191847,0.144881996,0.540716458,0.374729879,0.240432186,0.674124754,0.215557521,0,0,0,0,0,-0.003849054,108,271,-163
Patrick Marleau,LW,0.425407096,0.129827385,0.6277352,0.508561979,0.388390454,0.292544705,0.093960971,0,0,0,0,0,-0.003859111,109,224,-115
Nino Niederreiter,RW,0.341205651,0.094128581,0.644805544,0.294430619,0.329823639,0.538451848,0.055271159,0,0,0,0,0,-0.003895711,110,213,-103
Mats Zuccarello,RW,0.22525612,0.35549749,0.45136388,0.428262719,0.271256825,0.296784483,0.265301565,0,0,0,0,0,-0.003932327,111,140,-29
Oscar Klefbom,D,0.063582444,0.124759496,0.467767413,0.347963459,0.391472918,0.165351355,0.724052187,0,0,0,0,0,-0.003961954,112,130,-18
Dougie Hamilton,D,0.201358784,0.218366383,0.313134109,0.374729879,0.44079234,0.292544705,0.442169274,0,0,0,0,0,-0.003977402,113,67,46
Brayden Point,C,0.491318883,0.336641963,0.739425923,0.401496299,0.416132629,0.118713793,0.187921942,0,0,0,0,0,-0.004043578,114,100,14
Brock Boeser,RW,0.517200474,0.242140743,0.184173,0.722693338,0.409967701,0.114474015,0.082906739,0,0,0,0,0,-0.004100386,115,57,58
Jordan Eberle,RW,0.368381322,0.299750714,0.575390593,0.428262719,0.342153495,0.15263202,0.093960971,0,0,0,0,0,-0.004208921,116,194,-78
Logan Couture,C,0.478550631,0.261443437,0.547517923,0.535328399,0.409967701,0.15263202,0.281882912,0,0,0,0,0,-0.004246315,117,104,13
Pierre-Luc Dubois,C,0.312131996,0.275529187,0.546517708,0.481795559,0.329823639,0.517252956,0.198976173,0,0,0,0,0,-0.004290446,118,180,-62
Jared Spurgeon,D,0.110600669,0.272622603,0.554319388,0.294430619,0.123298557,0.195029803,0.690889491,0,0,0,0,0,-0.004326605,119,215,-96
Ilya Kovalchuk,RW,0.320759193,0.24392941,0.41115522,0.669160499,0.496276691,0.093275123,0.011054232,0,0,0,0,0,-0.004333266,120,72,48
Jack Eichel,C,0.445077106,0.475859848,0.133362057,0.749459758,0.576420753,0.156871798,0.116069435,0,0,0,0,0,-0.004364667,121,36,85
Devan Dubnyk,G,0,0,0,0,0,0,0,0.615575707,0.781056396,0.758604603,0.631018644,0.622746204,-0.00436807,122,77,45
Mikael Granlund,C,0.30704195,0.487262597,0.624867916,0.455029139,0.354483351,0.224708251,0.198976173,0,0,0,0,0,-0.004370928,123,95,28
Timo Meier,RW,0.335252885,0.097184219,0.562321112,0.240897779,0.406885237,0.470615394,0.127123666,0,0,0,0,0,-0.004377684,124,233,-109
Johnny Gaudreau,LW,0.355095438,0.588843956,0.41568953,0.588861239,0.400720309,0.038158005,0.016581348,0,0,0,0,0,-0.004379761,125,29,96
Clayton Keller,RW,0.352248463,0.422796071,0.265057087,0.588861239,0.514771474,0,0.088433855,0,0,0,0,0,-0.004445285,126,81,45
Gabriel Landeskog,LW,0.322225817,0.274783909,0.345407727,0.321197039,0.317493784,0.576609853,0.237665985,0,0,0,0,0,-0.004451142,127,139,-12
Ryan Johansen,C,0.243028146,0.460134487,0.704018297,0.535328399,0.265091897,0.334942488,0.099488087,0,0,0,0,0,-0.004457075,128,138,-10
Josh Morrissey,D,0.044861426,0.065286331,0.689615195,0,0.077061598,0.572370074,0.77379623,0,0,0,0,0,-0.004478274,129,,
Mitch Marner,RW,0.299708832,0.595700511,0,0.749459758,0.354483351,0.122953572,0.105015203,0,0,0,0,0,-0.004485676,130,,
Nazem Kadri,C,0.439383155,0.16955069,0.601596237,0.428262719,0.419215093,0.474855173,0.105015203,0,0,0,0,0,-0.004491687,131,170,-39
Mark Stone,RW,0.376490888,0.503062486,0.304332213,0.401496299,0.240432186,0.190790025,0.204503289,0,0,0,0,0,-0.004537458,132,97,35
Justin Faulk,D,0.116035803,0.131541524,0.231383168,0.455029139,0.409967701,0.487574508,0.381370999,0,0,0,0,0,-0.004562341,133,135,-2
Jake Gardiner,D,0.031661814,0.408039572,0.633869855,0.374729879,0.163370588,0.241667365,0.359262535,0,0,0,0,0,-0.004564851,134,159,-25
Matt Murray,G,0,0,0,0,0,0,0,0.763739174,0.629884191,0.955905182,0.580537152,0.47372136,-0.00458534,135,54,81
Jonathan Huberdeau,LW,0.361997196,0.410871627,0.487971765,0.455029139,0.382225526,0.161111576,0.116069435,0,0,0,0,0,-0.004618707,136,99,37
Justin Schultz,D,0.036579316,0.20942305,0.772366351,0.347963459,0.147958268,0.186550246,0.50296755,0,0,0,0,0,-0.004638129,137,188,-51
Nick Leddy,D,0.089118947,0.275603714,0.433226641,0.428262719,0.181865371,0.322223153,0.469804854,0,0,0,0,0,-0.004668986,138,132,6
Aaron Ekblad,D,0.185139653,0.108065275,0.524846374,0.294430619,0.36989567,0.343422045,0.370316767,0,0,0,0,0,-0.004702228,139,156,-17
Corey Perry,RW,0.284093605,0.299229019,0.423957978,0.481795559,0.289751608,0.30526404,0.116069435,0,0,0,0,0,-0.004712009,140,186,-46
William Karlsson,C,0.534627413,0.275305603,0.858318196,0.294430619,0.311328856,0.139912685,0.171340594,0,0,0,0,0,-0.00493014,141,71,70
Brendan Gallagher,RW,0.416434811,0.160905468,0.322602815,0.347963459,0.539431186,0.288304926,0.093960971,0,0,0,0,0,-0.004966656,142,89,53
Shea Theodore,D,0.078076135,0.269119798,0.735625104,0.321197039,0.268174361,0.110234237,0.381370999,0,0,0,0,0,-0.00497155,143,176,-33
Craig Smith,RW,0.333096085,0.148682912,0.689148427,0.21413136,0.428462485,0.301024261,0.049744043,0,0,0,0,0,-0.00501094,144,163,-19
Mathew Barzal,C,0.287458212,0.655248204,0.570589559,0.642394079,0.280504217,0.05087734,0.088433855,0,0,0,0,0,-0.005011461,145,70,75
Evgenii Dadonov,RW,0.435500917,0.33939949,0.523712796,0.321197039,0.342153495,0.084795567,0.110542319,0,0,0,0,0,-0.005069173,146,,
James van Riemsdyk,LW,0.478723175,0.13571508,0.319468807,0.562094819,0.539431186,0.22894803,0.055271159,0,0,0,0,0,-0.005082241,147,,
Dmitry Orlov,D,0.086703332,0.134522635,0.78010135,0.10706568,0.129463485,0.491814286,0.420060811,0,0,0,0,0,-0.005088768,148,,
Josh Bailey,LW,0.250965168,0.531010402,0.51097672,0.535328399,0.252762041,0.072076232,0.160286362,0,0,0,0,0,-0.005134298,149,185,-36
Eric Staal,C,0.530486358,0.272622603,0.596195074,0.374729879,0.459287124,0.144152463,0.165813478,0,0,0,0,0,-0.005279948,150,149,1
Tomas Hertl,LW,0.323864984,0.162768662,0.570189473,0.294430619,0.286669144,0.368860715,0.281882912,0,0,0,0,0,-0.005340455,151,211,-60
Sami Vatanen,D,0.020877817,0.227235188,0.359544105,0.428262719,0.215772474,0.322223153,0.541657361,0,0,0,0,0,-0.005373424,152,175,-23
Duncan Keith,D,0.007591934,0.285217798,0.384016042,0.401496299,0.31441132,0.080555788,0.641145448,0,0,0,0,0,-0.005382909,153,128,25
Tyler Myers,D,0.067637226,0.184083606,0.68541429,0.267664199,0.184947835,0.220468473,0.50296755,0,0,0,0,0,-0.005393338,154,222,-68
Mattias Ekholm,D,0.069880298,0.18795905,0.729423768,0.18736494,0.123298557,0.2543867,0.536130245,0,0,0,0,0,-0.005599501,155,216,-61
Alex Goligoski,D,0.105941982,0.179462884,0.173970803,0.267664199,0.101721309,0.504533621,0.751687766,0,0,0,0,0,-0.005628343,156,,
Daniel Sprong,RW,0.271756713,0.12297083,0.818176217,0.240897779,0.360648278,0.241667365,0.033162696,0,0,0,0,0,-0.00563602,157,256,-99
Kyle Connor,LW,0.479585895,0.226713494,0.68541429,0.347963459,0.388390454,0.046637562,0.071852507,0,0,0,0,0,-0.005691362,158,150,8
Travis Konecny,RW,0.315151515,0.172680856,0.512843789,0.240897779,0.326741175,0.368860715,0.143705014,0,0,0,0,0,-0.005706012,159,187,-28
Elias Lindholm,RW,0.200150976,0.223732383,0.394418282,0.401496299,0.289751608,0.394299384,0.17686771,0,0,0,0,0,-0.005707381,160,206,-46
Zach Parise,LW,0.424458104,0.06364672,0.496173531,0.401496299,0.419215093,0.233187808,0.204503289,0,0,0,0,0,-0.005723669,161,,
Erik Johnson,D,0.088946404,0.063721248,0.362611432,0.16059852,0.206525082,0.440936946,0.735106419,0,0,0,0,0,-0.005849481,162,196,-34
Hampus Lindholm,D,0.154168015,0.113431275,0.505308832,0.294430619,0.14179334,0.343422045,0.50296755,0,0,0,0,0,-0.00587385,163,,
Andrei Svechnikov,RW,0.331715734,0.148235746,0.2010433,0.481795559,0.530183794,0.220468473,0.143705014,0,0,0,0,0,-0.005903789,164,181,-17
Brandon Montour,D,0.088256228,0.173351606,0.473435301,0.347963459,0.252762041,0.339182266,0.364789651,0,0,0,0,0,-0.00600536,165,184,-19
Kevin Shattenkirk,D,0.082734822,0.262635881,0.235117306,0.588861239,0.160288124,0.271345813,0.431115043,0,0,0,0,0,-0.006069046,166,158,8
Chris Kreider,LW,0.313426076,0.186766606,0.370613155,0.321197039,0.292834072,0.610528079,0.099488087,0,0,0,0,0,-0.006122233,167,129,38
Anthony Mantha,RW,0.386757252,0.177897801,0.215713127,0.347963459,0.477781907,0.284065148,0.138177898,0,0,0,0,0,-0.006143714,168,210,-42
Jaden Schwartz,LW,0.40504691,0.38597935,0.430492719,0.294430619,0.28358668,0.241667365,0.14923213,0,0,0,0,0,-0.006159045,169,108,61
Jason Zucker,LW,0.414968187,0.220602216,0.593394471,0.21413136,0.298999,0.296784483,0.14923213,0,0,0,0,0,-0.006178411,170,141,29
Cam Fowler,D,0.08049175,0.236476632,0.427758796,0.401496299,0.175700443,0.10175468,0.591401404,0,0,0,0,0,-0.006210864,171,155,16
David Perron,RW,0.19333549,0.388066128,0.284928034,0.374729879,0.181865371,0.453656281,0.138177898,0,0,0,0,0,-0.006257027,172,254,-82
Alex DeBrincat,RW,0.394435458,0.193399578,0.49737379,0.347963459,0.360648278,0.144152463,0.071852507,0,0,0,0,0,-0.00629814,173,157,16
Kevin Fiala,LW,0.331284374,0.168805412,0.692082393,0.347963459,0.382225526,0.118713793,0.082906739,0,0,0,0,0,-0.006712829,174,192,-18
Brady Skjei,D,0.008886013,0.155390412,0.402620049,0.16059852,0.218854938,0.555410961,0.44769639,0,0,0,0,0,-0.00675772,175,,
Nick Bjugstad,RW,0.229397175,0.196380689,0.511310125,0.294430619,0.339071031,0.347661823,0.033162696,0,0,0,0,0,-0.006784901,176,127,49
Alex Killorn,LW,0.226722743,0.206814578,0.776700617,0.240897779,0.271256825,0.33070271,0.060798275,0,0,0,0,0,-0.006796897,177,,
Jake DeBrusk,LW,0.290909091,0.218366383,0.648072914,0.294430619,0.292834072,0.284065148,0.077379623,0,0,0,0,0,-0.006862194,178,219,-41
Jonathan Drouin,C,0.240871347,0.392463267,0.310200144,0.695926919,0.465452052,0.195029803,0.044216927,0,0,0,0,0,-0.006939336,179,202,-23
Marc-Edouard Vlasic,D,0.079542759,0.10553133,0.580258308,0.16059852,0.169535515,0.093275123,0.729579303,0,0,0,0,0,-0.00701719,180,,
Matthew Tkachuk,LW,0.345432977,0.289093242,0.370479793,0.481795559,0.295916536,0.275585591,0.02763558,0,0,0,0,0,-0.007029849,181,93,88
Tyler Johnson,C,0.301693087,0.22984366,0.739425923,0.455029139,0.311328856,0.173830911,0.116069435,0,0,0,0,0,-0.007080498,182,237,-55
Oliver Bjorkstrand,RW,0.163744204,0.230887049,0.530981028,0.267664199,0.31441132,0.237427586,0.165813478,0,0,0,0,0,-0.007122279,183,264,-81
Esa Lindell,D,0.054437615,0.09248897,0.462099526,0.16059852,0.175700443,0.360381158,0.59692852,0,0,0,0,0,-0.007147908,184,229,-45
Sean Monahan,C,0.477342823,0.287080992,0.433693408,0.535328399,0.363730742,0.118713793,0.071852507,0,0,0,0,0,-0.007409484,185,68,117
Mikko Koivu,C,0.175477192,0.339772129,0.608997831,0.508561979,0.246597113,0.139912685,0.248720217,0,0,0,0,0,-0.00757368,186,232,-46
Corey Crawford,G,0,0,0,0,0,0,0,0.56462294,0.646681102,0.975193649,0.631018644,0.514185059,-0.00758891,187,120,67
Michael Matheson,D,0.079629031,0.042257249,0.484637714,0.10706568,0.277421753,0.224708251,0.630091216,0,0,0,0,0,-0.00762144,188,,
Tyler Toffoli,RW,0.311096732,0.127517024,0.34367402,0.267664199,0.474699443,0.250146921,0.066325391,0,0,0,0,0,-0.007703988,189,197,-8
Yanni Gourde,C,0.305575326,0.335524046,0.798772038,0.321197039,0.163370588,0.199269581,0.12159655,0,0,0,0,0,-0.00776313,190,218,-28
Mika Zibanejad,C,0.397282433,0.172308217,0.434293537,0.455029139,0.289751608,0.262866256,0.232138869,0,0,0,0,0,-0.007776756,191,189,2
Leon Draisaitl,C,0.370365577,0.473922126,0.425091555,0.455029139,0.305163928,0.135672906,0.066325391,0,0,0,0,0,-0.007877585,192,62,130
Sebastian Aho,C,0.413932924,0.35281449,0.311400402,0.535328399,0.394555381,0.211988916,0.011054232,0,0,0,0,0,-0.007881717,193,74,119
Kyle Okposo,RW,0.223616952,0.258685909,0.133362057,0.588861239,0.305163928,0.224708251,0.082906739,0,0,0,0,0,-0.007902477,194,174,20
Jonathan Toews,C,0.371918473,0.303924269,0.457565216,0.428262719,0.379143062,0.186550246,0.093960971,0,0,0,0,0,-0.007962965,195,123,72
Kyle Turris,C,0.224048312,0.288422492,0.668410628,0.455029139,0.302081464,0.097514902,0.171340594,0,0,0,0,0,-0.00808361,196,205,-9
Bobby Ryan,RW,0.231122614,0.22514841,0.304332213,0.267664199,0.231184794,0.415498276,0.116069435,0,0,0,0,0,-0.00812152,197,,
Ryan Kesler,C,0.106545886,0.010955583,0.456898406,0.374729879,0.274339289,0.623247414,0.348208304,0,0,0,0,0,-0.008182967,198,,
David Krejci,C,0.278399655,0.319724158,0.648072914,0.401496299,0.225019866,0.12719335,0.187921942,0,0,0,0,0,-0.008242105,199,242,-43
Anthony Beauvillier,LW,0.320069018,0.09114747,0.556853267,0.294430619,0.265091897,0.326462931,0.082906739,0,0,0,0,0,-0.008271327,200,235,-35
Eeli Tolvanen,LW,0.267356842,0.104786053,0.80150596,0.21413136,0.308246392,0.17807069,0.060798275,0,0,0,0,0,-0.008288546,201,239,-38
Jeff Carter,C,0.481052518,0.197722189,0.283194327,0.481795559,0.502441619,0.131433128,0.093960971,0,0,0,0,0,-0.008377337,202,112,90
Jaccob Slavin,D,0.057543406,0.130050969,0.306466006,0.10706568,0.206525082,0.139912685,0.795904694,0,0,0,0,0,-0.008474293,203,,
Paul Stastny,C,0.255537582,0.363173851,0.764698032,0.347963459,0.163370588,0.12719335,0.12159655,0,0,0,0,0,-0.008611228,204,260,-56
James Neal,RW,0.353542543,0.083023942,0.193508344,0.321197039,0.403802773,0.30526404,0.066325391,0,0,0,0,0,-0.008657819,205,117,88
Joe Thornton,C,0.257004206,0.423317766,0.513377237,0.615627659,0.07089667,0.165351355,0.077379623,0,0,0,0,0,-0.008782719,206,240,-34
Sam Reinhart,RW,0.325072792,0.220378633,0.133362057,0.481795559,0.323658711,0.10175468,0.12159655,0,0,0,0,0,-0.008816528,207,167,40
T.J. Brodie,D,0.019928826,0.28380177,0.326470314,0.321197039,0.117133629,0.072076232,0.558238709,0,0,0,0,0,-0.008846143,208,,
Will Butcher,D,0.02976383,0.355199379,0.375414189,0.535328399,0.120216093,0.237427586,0.044216927,0,0,0,0,0,-0.008856811,209,199,10
Nico Hischier,C,0.30617923,0.293043214,0.384682852,0.347963459,0.437709876,0.199269581,0.143705014,0,0,0,0,0,-0.008869396,210,126,84
Jakob Chychrun,D,0.060908013,0.05529961,0.210378644,0.16059852,0.265091897,0.440936946,0.497440434,0,0,0,0,0,-0.008914414,211,,
Ondrej Kase,RW,0.322139545,0.129454746,0.483837541,0.18736494,0.348318423,0.156871798,0.066325391,0,0,0,0,0,-0.008927416,212,253,-41
Mike Green,D,0.091362019,0.196529744,0.186706879,0.374729879,0.151040732,0.322223153,0.359262535,0,0,0,0,0,-0.00898774,213,245,-32
Kevin Labanc,RW,0.144505554,0.22648991,0.523912839,0.374729879,0.255844505,0.089035345,0.044216927,0,0,0,0,0,-0.009223895,214,,
Ryan Nugent-Hopkins,C,0.379941766,0.25331991,0.478369697,0.374729879,0.280504217,0.161111576,0.138177898,0,0,0,0,0,-0.009256049,215,151,64
Noah Hanifin,D,0.090671843,0.135193385,0.351008933,0.267664199,0.206525082,0.258626478,0.315045608,0,0,0,0,0,-0.009463735,216,200,16
Alex Galchenyuk,LW,0.265027499,0.243109604,0.211712265,0.481795559,0.28358668,0.15263202,0.12159655,0,0,0,0,0,-0.009750508,217,144,73
Matt Duchene,C,0.368985226,0.258685909,0.304332213,0.347963459,0.342153495,0.190790025,0.193449058,0,0,0,0,0,-0.009754345,218,168,50
Thomas Chabot,D,0.127423703,0.158073412,0.304332213,0.321197039,0.123298557,0.190790025,0.348208304,0,0,0,0,0,-0.009892171,219,172,47
Dylan Larkin,C,0.235867573,0.444856293,0.17570451,0.294430619,0.471616979,0.267106035,0.088433855,0,0,0,0,0,-0.009990541,220,137,83
Derek Stepan,C,0.196700097,0.3853086,0.261723036,0.455029139,0.292834072,0.233187808,0.143705014,0,0,0,0,0,-0.010069942,221,198,23
Teuvo Teravainen,C,0.272188073,0.373980378,0.329804366,0.535328399,0.262009433,0.080555788,0.077379623,0,0,0,0,0,-0.010380289,222,125,97
Pavel Buchnevich,LW,0.204637119,0.224701244,0.450897113,0.374729879,0.197277691,0.15263202,0.077379623,0,0,0,0,0,-0.010393887,223,203,20
Erik Haula,LW,0.17582228,0.025190388,0.529847451,0.321197039,0.271256825,0.237427586,0.116069435,0,0,0,0,0,-0.010439251,224,241,-17
Gustav Nyquist,RW,0.277968295,0.12364158,0.199042869,0.294430619,0.311328856,0.220468473,0.066325391,0,0,0,0,0,-0.010603302,225,,
Sean Couturier,C,0.200496064,0.122672719,0.491439178,0.267664199,0.453122196,0.207749138,0.154759246,0,0,0,0,0,-0.01065815,226,78,148
Charlie Coyle,RW,0.196182465,0.223061633,0,0.16059852,0.184947835,0.432457389,0.287410028,0,0,0,0,0,-0.010674537,227,,
Mikael Backlund,C,0.228965815,0.237072854,0.360277596,0.347963459,0.323658711,0.216228695,0.165813478,0,0,0,0,0,-0.010807501,228,234,-6
Bryan Little,C,0.208001725,0.213373022,0.68541429,0.347963459,0.163370588,0.165351355,0.088433855,0,0,0,0,0,-0.010874771,229,,
Danton Heinen,C,0.19902944,0.249444465,0.644405457,0.294430619,0.206525082,0.161111576,0.110542319,0,0,0,0,0,-0.010928265,230,269,-39
Filip Zadina,LW,0.272274345,0.135342441,0.074882795,0.481795559,0.400720309,0.089035345,0.154759246,0,0,0,0,0,-0.011005926,231,228,3
Brandon Saad,LW,0.276156584,0.124535913,0.444028967,0.16059852,0.366813206,0.148392241,0.066325391,0,0,0,0,0,-0.011188919,232,258,-26
Adam Henrique,C,0.341550739,0.137056579,0.431426253,0.294430619,0.218854938,0.262866256,0.143705014,0,0,0,0,0,-0.01122492,233,249,-16
Bo Horvat,C,0.357165966,0.189747717,0.116225032,0.374729879,0.354483351,0.220468473,0.165813478,0,0,0,0,0,-0.011652057,234,207,27
Jeff Skinner,LW,0.360703117,0.125206663,0,0.294430619,0.607245392,0.093275123,0.049744043,0,0,0,0,0,-0.011657635,235,102,133
Miro Heiskanen,D,0.03804594,0.062603332,0.448896682,0.267664199,0.191112763,0.114474015,0.215557521,0,0,0,0,0,-0.011850244,236,223,13
Jakub Vrana,LW,0.18850426,0.074900415,0.718154675,0.1338321,0.249679577,0.110234237,0.02763558,0,0,0,0,0,-0.011888169,237,247,-10
Brock Nelson,C,0.269599914,0.070205165,0.553985983,0.18736494,0.265091897,0.190790025,0.198976173,0,0,0,0,0,-0.012007222,238,,
Brendan Perlini,LW,0.273913512,0.037114832,0.228115798,0.374729879,0.22810233,0.267106035,0.077379623,0,0,0,0,0,-0.012025493,239,,
Nolan Patrick,C,0.224738488,0.142646163,0.436160606,0.374729879,0.329823639,0.173830911,0.033162696,0,0,0,0,0,-0.01218157,240,231,9
Valeri Nichushkin,LW,0.218181818,0.120213302,0.436293968,0.10706568,0.206525082,0.288304926,0.082906739,0,0,0,0,0,-0.012250247,241,243,-2
Alexander Wennberg,C,0.092656098,0.293639436,0.572856714,0.321197039,0.052401887,0.156871798,0.193449058,0,0,0,0,0,-0.012448406,242,266,-24
Samuel Girard,D,0,0.1859468,0.277926526,0.347963459,0,0.161111576,0.292937144,0,0,0,0,0,-0.012454152,243,,
Jack Roslovic,RW,0.12638844,0.166495051,0.68541429,0,0.052401887,0.165351355,0.038689812,0,0,0,0,0,-0.012757179,244,161,83
Robby Fabbri,LW,0.334217621,0.193250522,0,0.347963459,0.268174361,0.250146921,0,0,0,0,0,0,-0.012798069,245,,
Thomas Vanek,LW,0.284093605,0.204131578,0.13943003,0.401496299,0.22810233,0.110234237,0.016581348,0,0,0,0,0,-0.012878764,246,,
Max Domi,C,0.131392214,0.377334128,0.319268763,0.347963459,0.243514649,0.139912685,0.071852507,0,0,0,0,0,-0.012880353,247,267,-20
Marcus Johansson,LW,0.190315971,0.190418467,0.280193681,0.347963459,0.147958268,0.165351355,0.049744043,0,0,0,0,0,-0.012979799,248,,
Rasmus Dahlin,D,0.045379057,0.081533387,0.000466767,0.18736494,0.218854938,0.288304926,0.370316767,0,0,0,0,0,-0.013068024,249,111,138
Tyler Bozak,C,0.186433732,0.231259688,0.322202729,0.401496299,0.188030299,0.156871798,0.071852507,0,0,0,0,0,-0.013489448,250,,
Travis Sanheim,D,0.033904885,0.099047414,0.511910254,0,0.120216093,0.144152463,0.221084637,0,0,0,0,0,-0.0135839,251,,
Mitch Marner,C,0.328351127,0.561715845,0.624667873,0,0,0,0,0,0,0,0,0,-0.013851216,252,,
Vladislav Namestnikov,LW,0.230691254,0.178344967,0,0.267664199,0.175700443,0.245907143,0.12159655,0,0,0,0,0,-0.014246805,253,,
Christian Dvorak,C,0.230691254,0.148533857,0,0.21413136,0.280504217,0.313743596,0.210030405,0,0,0,0,0,-0.014827051,254,,
Andre Burakovsky,LW,0.241388979,0.106947358,0.787502944,0,0,0,0,0,0,0,0,0,-0.014947349,255,,
Dylan Strome,C,0.229914806,0.140186746,0.265057087,0.294430619,0.206525082,0.072076232,0.160286362,0,0,0,0,0,-0.015070032,256,,
Jesper Bratt,RW,0.109910493,0.223061633,0,0.294430619,0.083226526,0.156871798,0.060798275,0,0,0,0,0,-0.015310858,257,,
Ben Bishop,G,0,0,0,0,0,0,0,0.595967867,0.621485735,0.950162078,0.429092678,0.542805725,-0.015596714,258,76,182
Andre Burakovsky,RW,0.230691254,0.133628302,0,0.16059852,0.172617979,0.12719335,0.066325391,0,0,0,0,0,-0.015621229,259,,
Tyson Jost,C,0.192731586,0,0.282927603,0.267664199,0.262009433,0.12719335,0.088433855,0,0,0,0,0,-0.01629934,260,209,51
Andreas Athanasiou,LW,0.282454438,0.088911636,0,0.1338321,0.262009433,0.084795567,0.066325391,0,0,0,0,0,-0.016759938,261,,
Carey Price,G,0,0,0,0,0,0,0,0.433029479,0.621485735,0.980985015,0.580537152,0.484577474,-0.017217515,262,79,183
Charlie Coyle,C,0.159775693,0.246910521,0.612932012,0,0,0,0,0,0,0,0,0,-0.017977188,263,,
Jesper Bratt,LW,0.170300874,0.160011134,0.319468807,0,0,0,0,0,0,0,0,0,-0.018997836,264,,
Christian Dvorak,LW,0.197562817,0.131988691,0.251054072,0,0,0,0,0,0,0,0,0,-0.019574296,265,,
Robby Fabbri,C,0.238973364,0.124684969,0.417556599,0,0,0,0,0,0,0,0,0,-0.019963882,266,,
Vladislav Namestnikov,C,0.258643373,0.115741636,0.240985236,0,0,0,0,0,0,0,0,0,-0.021345921,267,,
Andreas Athanasiou,C,0.228620727,0.044791193,0.144497788,0,0,0,0,0,0,0,0,0,-0.022991425,268,,
Pages: 1 2 3 4 All,D,0,0,0,0,0,0,0,0,0,0,0,0,-0.023003198,269,,
Pages: 1 2 3 All,RW,0,0,0,0,0,0,0,0,0,0,0,0,-0.023046686,270,,
Pages: 1 2 3 All,LW,0,0,0,0,0,0,0,0,0,0,0,0,-0.024412676,271,,
Roberto Luongo,G,0,0,0,0,0,0,0,0.420463892,0.680274926,0.781440281,0.631018644,0.39378088,-0.025285692,272,171,101
Cam Talbot,G,0,0,0,0,0,0,0,0.552885853,0.461915073,0.977968678,0.403851932,0.508263542,-0.025372923,273,107,166
Pages: 1 2 3 4 All,C,0,0,0,0,0,0,0,0,0,0,0,0,-0.026474006,274,,
Cory Schneider,G,0,0,0,0,0,0,0,0.551366936,0.487110441,0.969482718,0.454333423,0.405623914,-0.026913241,275,134,141
Carter Hutton,G,0,0,0,0,0,0,0,0.375586793,0.470313529,1,0.378611186,0.570439471,-0.02995351,276,131,145
Mike Smith,G,0,0,0,0,0,0,0,0.489367498,0.394727426,0.954577994,0.454333423,0.437205338,-0.032650981,277,122,155
Henrik Lundqvist,G,0,0,0,0,0,0,0,0.441866816,0.436719705,0.996533224,0.454333423,0.400689317,-0.032653864,278,119,159
Semyon Varlamov,G,0,0,0,0,0,0,0,0.438414731,0.251953676,0.972772536,0.454333423,0.418453868,-0.040746125,279,136,143
Craig Anderson,G,0,0,0,0,0,0,0,0.345070366,0.201562941,0.983205038,0.277648203,0.47273444,-0.051400593,280,179,101
Juuse Saros,G,0,0,0,0,0,0,0,0.148853883,0.890236323,0.011550558,0.883426101,0.25561215,-0.055173175,281,212,69
Chad Johnson,G,0,0,0,0,0,0,0,0.321458108,0.369532058,0.952494711,0.277648203,0.247716794,-0.056041056,282,,
Jimmy Howard,G,0,0,0,0,0,0,0,0.27823801,0.361133603,0.986969426,0.252407457,0.259559828,-0.057313621,283,164,119
Jacob Markstrom,G,0,0,0,0,0,0,0,0.359431038,0.277149044,0.980277181,0.277648203,0.161854798,-0.060728123,284,262,22
Thomas Greiss,G,0,0,0,0,0,0,0,0.326152943,0.184766029,0.990009894,0.277648203,0.175671671,-0.06498277,285,274,11
Scott Darling,G,0,0,0,0,0,0,0,0.329605028,0.277149044,0.935297572,0.075722237,0.280285138,-0.067324009,286,201,85
James Reimer,G,0,0,0,0,0,0,0,0.152167885,0.545899632,0.229836796,0.580537152,0.27633746,-0.072044013,287,142,145
Jake Allen,G,0,0,0,0,0,0,0,0.296465017,0.587891911,0.010279675,0.403851932,0.31482732,-0.079188307,288,84,204
Philipp Grubauer,G,0,0,0,0,0,0,0,0.09030653,0.613087279,0.026937896,0.631018644,0.198370819,-0.081421419,289,133,156
Aaron Dell,G,0,0,0,0,0,0,0,0.019331673,0.755861029,0.013762538,0.530055661,0.024672987,-0.090422972,290,143,147
Jaroslav Halak,G,0,0,0,0,0,0,0,0.04943385,0.52910272,0,0.454333423,0.030594504,-0.10209878,291,272,19
Michal Neuvirth,G,0,0,0,0,0,0,0,0.095277532,0.453516617,0.010014237,0.35337044,0.09770503,-0.104331307,292,,
Ryan Miller,G,0,0,0,0,0,0,0,0,0.411524338,0.026865504,0.504814915,0,-0.107109603,293,,
Robin Lehner,G,0,0,0,0,0,0,0,0.140430797,0.251953676,0.029238355,0.378611186,0.084875077,-0.109530256,294,165,129
Malcolm Subban,G,0,0,0,0,0,0,0,0.068765523,0.419922794,0.004134392,0.35337044,0.026646826,-0.110041469,295,,
Keith Kinkaid,G,0,0,0,0,0,0,0,0.001933167,0.335938235,0.018073888,0.35337044,0.006908436,-0.116567127,296,214,82
Cam Ward,G,0,0,0,0,0,0,0,0.011184754,0.42832125,0.021194791,0.227166712,0.002960758,-0.11762529,297,230,67
Jonathan Bernier,G,0,0,0,0,0,0,0,0.053300185,0.218359853,0.023109159,0.277648203,0.088822755,-0.118858128,298,,
Petr Mrazek,G,0,0,0,0,0,0,0,0.081331111,0,0.012234261,0,0.194423141,-0.13441028,299,195,104